/home/macin/1/0.jpg,1800
/home/macin/1/1.jpg,1800
/home/macin/1/2.jpg,1800
/home/macin/1/3.jpg,1800
/home/macin/1/4.jpg,1800
/home/macin/1/5.jpg,1900
/home/macin/1/6.jpg,2100
/home/macin/1/7.jpg,2200
/home/macin/1/8.jpg,2100
/home/macin/1/9.jpg,2000
/home/macin/1/10.jpg,1900
/home/macin/1/11.jpg,1900
/home/macin/1/12.jpg,1900
/home/macin/1/13.jpg,1900
/home/macin/1/14.jpg,1900
/home/macin/1/15.jpg,1900
/home/macin/1/16.jpg,1900
/home/macin/1/17.jpg,1900
/home/macin/1/18.jpg,1900
/home/macin/1/19.jpg,1900
/home/macin/1/20.jpg,1500
/home/macin/1/21.jpg,1300
/home/macin/1/22.jpg,1100
/home/macin/1/23.jpg,800
/home/macin/1/24.jpg,500
/home/macin/1/25.jpg,325
/home/macin/1/26.jpg,275
/home/macin/1/27.jpg,275
/home/macin/1/28.jpg,250
/home/macin/1/29.jpg,250
/home/macin/1/30.jpg,250
/home/macin/1/31.jpg,225
/home/macin/1/32.jpg,225
/home/macin/1/33.jpg,225
/home/macin/1/34.jpg,225
/home/macin/1/35.jpg,1200
/home/macin/1/36.jpg,800
/home/macin/1/37.jpg,450
/home/macin/1/38.jpg,550
/home/macin/1/39.jpg,400
/home/macin/1/40.jpg,400
/home/macin/1/41.jpg,400
/home/macin/1/42.jpg,400
/home/macin/1/43.jpg,400
/home/macin/1/44.jpg,400
/home/macin/1/45.jpg,400
/home/macin/1/46.jpg,400
/home/macin/1/47.jpg,400
/home/macin/1/48.jpg,200
/home/macin/1/49.jpg,200
/home/macin/1/50.jpg,200
/home/macin/1/51.jpg,200
/home/macin/1/52.jpg,375
/home/macin/1/53.jpg,375
/home/macin/1/54.jpg,375
/home/macin/1/55.jpg,800
/home/macin/1/56.jpg,800
/home/macin/1/57.jpg,800
/home/macin/1/58.jpg,800
/home/macin/1/59.jpg,800
/home/macin/1/60.jpg,800
/home/macin/1/61.jpg,800
/home/macin/1/62.jpg,800
/home/macin/1/63.jpg,400
/home/macin/1/64.jpg,300
/home/macin/1/65.jpg,275
/home/macin/1/66.jpg,250
/home/macin/1/67.jpg,250
/home/macin/1/68.jpg,250
/home/macin/1/69.jpg,250
/home/macin/1/70.jpg,375
/home/macin/1/71.jpg,325
/home/macin/1/72.jpg,325
/home/macin/1/73.jpg,325
/home/macin/1/74.jpg,325
/home/macin/1/75.jpg,325
/home/macin/1/76.jpg,550
/home/macin/1/77.jpg,350
/home/macin/1/78.jpg,275
/home/macin/1/79.jpg,225
/home/macin/1/80.jpg,225
/home/macin/1/81.jpg,225
/home/macin/1/82.jpg,800
/home/macin/1/83.jpg,700
/home/macin/1/84.jpg,450
/home/macin/1/85.jpg,450
/home/macin/1/86.jpg,450
/home/macin/1/87.jpg,450
/home/macin/1/88.jpg,450
/home/macin/1/89.jpg,450
/home/macin/1/90.jpg,450
/home/macin/1/91.jpg,450
/home/macin/1/92.jpg,450
/home/macin/1/93.jpg,450
/home/macin/1/94.jpg,550
/home/macin/1/95.jpg,500
/home/macin/1/96.jpg,375
/home/macin/1/97.jpg,375
/home/macin/1/98.jpg,375
/home/macin/1/99.jpg,375
/home/macin/1/100.jpg,375
/home/macin/1/101.jpg,300
/home/macin/1/102.jpg,300
/home/macin/1/103.jpg,300
/home/macin/1/104.jpg,300
/home/macin/1/105.jpg,275
/home/macin/1/106.jpg,275
/home/macin/1/107.jpg,225
/home/macin/1/108.jpg,225
/home/macin/1/109.jpg,225
/home/macin/1/110.jpg,225
/home/macin/1/111.jpg,225
/home/macin/1/112.jpg,225
/home/macin/1/113.jpg,225
/home/macin/1/114.jpg,225
/home/macin/1/115.jpg,225
/home/macin/1/116.jpg,225
/home/macin/1/117.jpg,225
/home/macin/1/118.jpg,225
/home/macin/1/119.jpg,225
/home/macin/1/120.jpg,225
/home/macin/1/121.jpg,225
/home/macin/1/122.jpg,225
/home/macin/1/123.jpg,225
/home/macin/1/124.jpg,225
/home/macin/1/125.jpg,250
/home/macin/1/126.jpg,250
/home/macin/1/127.jpg,250
/home/macin/1/128.jpg,250
/home/macin/1/129.jpg,250
/home/macin/1/130.jpg,250
/home/macin/1/131.jpg,275
/home/macin/1/132.jpg,275
/home/macin/1/133.jpg,275
/home/macin/1/134.jpg,275
/home/macin/1/135.jpg,275
/home/macin/1/136.jpg,275
/home/macin/1/137.jpg,275
/home/macin/1/138.jpg,275
/home/macin/1/139.jpg,250
/home/macin/1/140.jpg,250
/home/macin/1/141.jpg,250
/home/macin/1/142.jpg,250
/home/macin/1/143.jpg,250
/home/macin/1/144.jpg,250
/home/macin/1/145.jpg,250
/home/macin/1/146.jpg,250
/home/macin/1/147.jpg,250
/home/macin/1/148.jpg,250
/home/macin/1/149.jpg,250
/home/macin/1/150.jpg,250
/home/macin/1/151.jpg,250
/home/macin/1/152.jpg,250
/home/macin/1/153.jpg,250
/home/macin/1/154.jpg,250
/home/macin/1/155.jpg,250
/home/macin/1/156.jpg,250
/home/macin/1/157.jpg,250
/home/macin/1/158.jpg,250
/home/macin/1/159.jpg,225
/home/macin/1/160.jpg,225
/home/macin/1/161.jpg,225
/home/macin/1/162.jpg,225
/home/macin/1/163.jpg,225
/home/macin/1/164.jpg,225
/home/macin/1/165.jpg,200
/home/macin/1/166.jpg,175
/home/macin/1/167.jpg,175
/home/macin/1/168.jpg,175
/home/macin/1/169.jpg,175
/home/macin/1/170.jpg,175
/home/macin/1/171.jpg,175
/home/macin/1/172.jpg,175
/home/macin/1/173.jpg,175
/home/macin/1/174.jpg,175
/home/macin/1/175.jpg,175
/home/macin/1/176.jpg,175
/home/macin/1/177.jpg,175
/home/macin/1/178.jpg,175
/home/macin/1/179.jpg,175
/home/macin/1/180.jpg,200
/home/macin/1/181.jpg,200
/home/macin/1/182.jpg,200
/home/macin/1/183.jpg,200
/home/macin/1/184.jpg,200
/home/macin/1/185.jpg,200
/home/macin/1/186.jpg,200
/home/macin/1/187.jpg,200
/home/macin/1/188.jpg,200
/home/macin/1/189.jpg,200
/home/macin/1/190.jpg,200
/home/macin/1/191.jpg,200
/home/macin/1/192.jpg,200
/home/macin/1/193.jpg,200
/home/macin/1/194.jpg,200
/home/macin/1/195.jpg,200
/home/macin/1/196.jpg,200
/home/macin/1/197.jpg,200
/home/macin/1/198.jpg,200
/home/macin/1/199.jpg,175
/home/macin/1/200.jpg,175
/home/macin/1/201.jpg,175
/home/macin/1/202.jpg,175
/home/macin/1/203.jpg,150
/home/macin/1/204.jpg,150
/home/macin/1/205.jpg,150
/home/macin/1/206.jpg,150
/home/macin/1/207.jpg,150
/home/macin/1/208.jpg,150
/home/macin/1/209.jpg,150
/home/macin/1/210.jpg,150
/home/macin/1/211.jpg,150
/home/macin/1/212.jpg,150
/home/macin/1/213.jpg,150
/home/macin/1/214.jpg,150
/home/macin/1/215.jpg,150
/home/macin/1/216.jpg,175
/home/macin/1/217.jpg,175
/home/macin/1/218.jpg,175
/home/macin/1/219.jpg,175
/home/macin/1/220.jpg,175
/home/macin/1/221.jpg,175
/home/macin/1/222.jpg,175
/home/macin/1/223.jpg,175
/home/macin/1/224.jpg,175
/home/macin/1/225.jpg,175
/home/macin/1/226.jpg,175
/home/macin/1/227.jpg,175
/home/macin/1/228.jpg,175
/home/macin/1/229.jpg,175
/home/macin/1/230.jpg,175
/home/macin/1/231.jpg,175
/home/macin/1/232.jpg,175
/home/macin/1/233.jpg,175
/home/macin/1/234.jpg,175
/home/macin/1/235.jpg,175
/home/macin/1/236.jpg,175
/home/macin/1/237.jpg,175
/home/macin/1/238.jpg,175
/home/macin/1/239.jpg,175
/home/macin/1/240.jpg,175
/home/macin/1/241.jpg,175
/home/macin/1/242.jpg,175
/home/macin/1/243.jpg,175
/home/macin/1/244.jpg,175
/home/macin/1/245.jpg,175
/home/macin/1/246.jpg,175
/home/macin/1/247.jpg,175
/home/macin/1/248.jpg,175
/home/macin/1/249.jpg,175
/home/macin/1/250.jpg,175
/home/macin/1/251.jpg,175
/home/macin/1/252.jpg,175
/home/macin/1/253.jpg,175
/home/macin/1/254.jpg,175
/home/macin/1/255.jpg,175
/home/macin/1/256.jpg,175
/home/macin/1/257.jpg,175
/home/macin/1/258.jpg,175
/home/macin/1/259.jpg,175
/home/macin/1/260.jpg,175
/home/macin/1/261.jpg,175
/home/macin/1/262.jpg,175
/home/macin/1/263.jpg,175
/home/macin/1/264.jpg,175
/home/macin/1/265.jpg,175
/home/macin/1/266.jpg,175
/home/macin/1/267.jpg,175
/home/macin/1/268.jpg,175
/home/macin/1/269.jpg,175
/home/macin/1/270.jpg,175
/home/macin/1/271.jpg,175
/home/macin/1/272.jpg,175
/home/macin/1/273.jpg,175
/home/macin/1/274.jpg,175
/home/macin/1/275.jpg,175
/home/macin/1/276.jpg,175
/home/macin/1/277.jpg,175
/home/macin/1/278.jpg,175
/home/macin/1/279.jpg,175
/home/macin/1/280.jpg,175
/home/macin/1/281.jpg,175
/home/macin/1/282.jpg,175
/home/macin/1/283.jpg,175
/home/macin/1/284.jpg,175
/home/macin/1/285.jpg,175
/home/macin/1/286.jpg,175
/home/macin/1/287.jpg,175
/home/macin/1/288.jpg,175
/home/macin/1/289.jpg,175
/home/macin/1/290.jpg,175
/home/macin/1/291.jpg,150
/home/macin/1/292.jpg,150
/home/macin/1/293.jpg,150
/home/macin/1/294.jpg,150
/home/macin/1/295.jpg,150
/home/macin/1/296.jpg,150
/home/macin/1/297.jpg,150
/home/macin/1/298.jpg,150
/home/macin/1/299.jpg,150
/home/macin/1/300.jpg,150
/home/macin/1/301.jpg,150
/home/macin/1/302.jpg,175
/home/macin/1/303.jpg,175
/home/macin/1/304.jpg,175
/home/macin/1/305.jpg,175
/home/macin/1/306.jpg,175
/home/macin/1/307.jpg,175
/home/macin/1/308.jpg,175
/home/macin/1/309.jpg,175
/home/macin/1/310.jpg,175
/home/macin/1/311.jpg,175
/home/macin/1/312.jpg,175
/home/macin/1/313.jpg,175
/home/macin/1/314.jpg,175
/home/macin/1/315.jpg,175
/home/macin/1/316.jpg,175
/home/macin/1/317.jpg,175
/home/macin/1/318.jpg,175
/home/macin/1/319.jpg,175
/home/macin/1/320.jpg,175
/home/macin/1/321.jpg,175
/home/macin/1/322.jpg,175
/home/macin/1/323.jpg,175
/home/macin/1/324.jpg,175
/home/macin/1/325.jpg,175
/home/macin/1/326.jpg,175
/home/macin/1/327.jpg,175
/home/macin/1/328.jpg,175
/home/macin/1/329.jpg,175
/home/macin/1/330.jpg,175
/home/macin/1/331.jpg,175
/home/macin/1/332.jpg,175
/home/macin/1/333.jpg,175
/home/macin/1/334.jpg,175
/home/macin/1/335.jpg,175
/home/macin/1/336.jpg,175
/home/macin/1/337.jpg,175
/home/macin/1/338.jpg,175
/home/macin/1/339.jpg,175
/home/macin/1/340.jpg,175
/home/macin/1/341.jpg,175
/home/macin/1/342.jpg,175
/home/macin/1/343.jpg,175
/home/macin/1/344.jpg,175
/home/macin/1/345.jpg,175
/home/macin/1/346.jpg,175
/home/macin/1/347.jpg,175
/home/macin/1/348.jpg,175
/home/macin/1/349.jpg,175
/home/macin/1/350.jpg,175
/home/macin/1/351.jpg,175
/home/macin/1/352.jpg,175
/home/macin/1/353.jpg,175
/home/macin/1/354.jpg,175
/home/macin/1/355.jpg,175
/home/macin/1/356.jpg,175
/home/macin/1/357.jpg,175
/home/macin/1/358.jpg,175
/home/macin/1/359.jpg,175
/home/macin/1/360.jpg,175
/home/macin/1/361.jpg,175
/home/macin/1/362.jpg,175
/home/macin/1/363.jpg,175
/home/macin/1/364.jpg,150
/home/macin/1/365.jpg,150
/home/macin/1/366.jpg,150
/home/macin/1/367.jpg,150
/home/macin/1/368.jpg,150
/home/macin/1/369.jpg,150
/home/macin/1/370.jpg,150
/home/macin/1/371.jpg,150
/home/macin/1/372.jpg,150
/home/macin/1/373.jpg,150
/home/macin/1/374.jpg,150
/home/macin/1/375.jpg,150
/home/macin/1/376.jpg,150
/home/macin/1/377.jpg,150
/home/macin/1/378.jpg,150
/home/macin/1/379.jpg,150
/home/macin/1/380.jpg,150
/home/macin/1/381.jpg,150
/home/macin/1/382.jpg,150
/home/macin/1/383.jpg,150
/home/macin/1/384.jpg,150
/home/macin/1/385.jpg,150
/home/macin/1/386.jpg,150
/home/macin/1/387.jpg,150
/home/macin/1/388.jpg,150
/home/macin/1/389.jpg,150
/home/macin/1/390.jpg,150
/home/macin/1/391.jpg,150
/home/macin/1/392.jpg,150
/home/macin/1/393.jpg,150
/home/macin/1/394.jpg,150
/home/macin/1/395.jpg,150
/home/macin/1/396.jpg,150
/home/macin/1/397.jpg,125
/home/macin/1/398.jpg,125
/home/macin/1/399.jpg,125
/home/macin/1/400.jpg,125
/home/macin/1/401.jpg,125
/home/macin/1/402.jpg,125
/home/macin/1/403.jpg,125
/home/macin/1/404.jpg,125
/home/macin/1/405.jpg,100
/home/macin/1/406.jpg,100
/home/macin/1/407.jpg,100
/home/macin/1/408.jpg,100
/home/macin/1/409.jpg,100
/home/macin/1/410.jpg,100
/home/macin/1/411.jpg,100
/home/macin/1/412.jpg,100
/home/macin/1/413.jpg,100
/home/macin/1/414.jpg,100
/home/macin/1/415.jpg,100
/home/macin/1/416.jpg,100
/home/macin/1/417.jpg,100
/home/macin/1/418.jpg,100
/home/macin/1/419.jpg,100
/home/macin/1/420.jpg,100
/home/macin/1/421.jpg,100
/home/macin/1/422.jpg,100
/home/macin/1/423.jpg,100
/home/macin/1/424.jpg,100
/home/macin/1/425.jpg,100
/home/macin/1/426.jpg,100
/home/macin/1/427.jpg,100
/home/macin/1/428.jpg,100
/home/macin/1/429.jpg,100
/home/macin/1/430.jpg,100
/home/macin/1/431.jpg,100
/home/macin/1/432.jpg,100
/home/macin/1/433.jpg,100
/home/macin/1/434.jpg,100
/home/macin/1/435.jpg,100
/home/macin/1/436.jpg,100
/home/macin/1/437.jpg,100
/home/macin/1/438.jpg,100
/home/macin/1/439.jpg,100
/home/macin/1/440.jpg,100
/home/macin/1/441.jpg,100
/home/macin/1/442.jpg,100
/home/macin/1/443.jpg,100
/home/macin/1/444.jpg,100
/home/macin/1/445.jpg,100
/home/macin/1/446.jpg,100
/home/macin/1/447.jpg,100
/home/macin/1/448.jpg,100
/home/macin/1/449.jpg,100
/home/macin/1/450.jpg,100
/home/macin/1/451.jpg,100
/home/macin/1/452.jpg,100
/home/macin/1/453.jpg,100
/home/macin/1/454.jpg,100
/home/macin/1/455.jpg,100
/home/macin/1/456.jpg,100
/home/macin/1/457.jpg,100
/home/macin/1/458.jpg,100
/home/macin/1/459.jpg,100
/home/macin/1/460.jpg,100
/home/macin/1/461.jpg,100
/home/macin/1/462.jpg,100
/home/macin/1/463.jpg,100
/home/macin/1/464.jpg,100
/home/macin/1/465.jpg,100